sample_id,map_type,class_index,class_name,height,width,synthetic_data,outside_wafer_value
wafer_00_0000,wafer,0,random defect,64,64,True,-1
wafer_00_0001,wafer,0,random defect,64,64,True,-1
wafer_00_0002,wafer,0,random defect,64,64,True,-1
wafer_00_0003,wafer,0,random defect,64,64,True,-1
wafer_00_0004,wafer,0,random defect,64,64,True,-1
wafer_00_0005,wafer,0,random defect,64,64,True,-1
wafer_00_0006,wafer,0,random defect,64,64,True,-1
wafer_00_0007,wafer,0,random defect,64,64,True,-1
wafer_00_0008,wafer,0,random defect,64,64,True,-1
wafer_00_0009,wafer,0,random defect,64,64,True,-1
wafer_00_0010,wafer,0,random defect,64,64,True,-1
wafer_00_0011,wafer,0,random defect,64,64,True,-1
wafer_00_0012,wafer,0,random defect,64,64,True,-1
wafer_00_0013,wafer,0,random defect,64,64,True,-1
wafer_00_0014,wafer,0,random defect,64,64,True,-1
wafer_00_0015,wafer,0,random defect,64,64,True,-1
wafer_00_0016,wafer,0,random defect,64,64,True,-1
wafer_00_0017,wafer,0,random defect,64,64,True,-1
wafer_00_0018,wafer,0,random defect,64,64,True,-1
wafer_00_0019,wafer,0,random defect,64,64,True,-1
wafer_00_0020,wafer,0,random defect,64,64,True,-1
wafer_00_0021,wafer,0,random defect,64,64,True,-1
wafer_00_0022,wafer,0,random defect,64,64,True,-1
wafer_00_0023,wafer,0,random defect,64,64,True,-1
wafer_00_0024,wafer,0,random defect,64,64,True,-1
wafer_00_0025,wafer,0,random defect,64,64,True,-1
wafer_00_0026,wafer,0,random defect,64,64,True,-1
wafer_00_0027,wafer,0,random defect,64,64,True,-1
wafer_00_0028,wafer,0,random defect,64,64,True,-1
wafer_00_0029,wafer,0,random defect,64,64,True,-1
wafer_00_0030,wafer,0,random defect,64,64,True,-1
wafer_00_0031,wafer,0,random defect,64,64,True,-1
wafer_00_0032,wafer,0,random defect,64,64,True,-1
wafer_00_0033,wafer,0,random defect,64,64,True,-1
wafer_00_0034,wafer,0,random defect,64,64,True,-1
wafer_00_0035,wafer,0,random defect,64,64,True,-1
wafer_00_0036,wafer,0,random defect,64,64,True,-1
wafer_00_0037,wafer,0,random defect,64,64,True,-1
wafer_00_0038,wafer,0,random defect,64,64,True,-1
wafer_00_0039,wafer,0,random defect,64,64,True,-1
wafer_00_0040,wafer,0,random defect,64,64,True,-1
wafer_00_0041,wafer,0,random defect,64,64,True,-1
wafer_00_0042,wafer,0,random defect,64,64,True,-1
wafer_00_0043,wafer,0,random defect,64,64,True,-1
wafer_00_0044,wafer,0,random defect,64,64,True,-1
wafer_00_0045,wafer,0,random defect,64,64,True,-1
wafer_00_0046,wafer,0,random defect,64,64,True,-1
wafer_00_0047,wafer,0,random defect,64,64,True,-1
wafer_00_0048,wafer,0,random defect,64,64,True,-1
wafer_00_0049,wafer,0,random defect,64,64,True,-1
wafer_00_0050,wafer,0,random defect,64,64,True,-1
wafer_00_0051,wafer,0,random defect,64,64,True,-1
wafer_00_0052,wafer,0,random defect,64,64,True,-1
wafer_00_0053,wafer,0,random defect,64,64,True,-1
wafer_00_0054,wafer,0,random defect,64,64,True,-1
wafer_00_0055,wafer,0,random defect,64,64,True,-1
wafer_00_0056,wafer,0,random defect,64,64,True,-1
wafer_00_0057,wafer,0,random defect,64,64,True,-1
wafer_00_0058,wafer,0,random defect,64,64,True,-1
wafer_00_0059,wafer,0,random defect,64,64,True,-1
wafer_00_0060,wafer,0,random defect,64,64,True,-1
wafer_00_0061,wafer,0,random defect,64,64,True,-1
wafer_00_0062,wafer,0,random defect,64,64,True,-1
wafer_00_0063,wafer,0,random defect,64,64,True,-1
wafer_00_0064,wafer,0,random defect,64,64,True,-1
wafer_00_0065,wafer,0,random defect,64,64,True,-1
wafer_00_0066,wafer,0,random defect,64,64,True,-1
wafer_00_0067,wafer,0,random defect,64,64,True,-1
wafer_00_0068,wafer,0,random defect,64,64,True,-1
wafer_00_0069,wafer,0,random defect,64,64,True,-1
wafer_00_0070,wafer,0,random defect,64,64,True,-1
wafer_00_0071,wafer,0,random defect,64,64,True,-1
wafer_00_0072,wafer,0,random defect,64,64,True,-1
wafer_00_0073,wafer,0,random defect,64,64,True,-1
wafer_00_0074,wafer,0,random defect,64,64,True,-1
wafer_00_0075,wafer,0,random defect,64,64,True,-1
wafer_00_0076,wafer,0,random defect,64,64,True,-1
wafer_00_0077,wafer,0,random defect,64,64,True,-1
wafer_00_0078,wafer,0,random defect,64,64,True,-1
wafer_00_0079,wafer,0,random defect,64,64,True,-1
wafer_00_0080,wafer,0,random defect,64,64,True,-1
wafer_00_0081,wafer,0,random defect,64,64,True,-1
wafer_00_0082,wafer,0,random defect,64,64,True,-1
wafer_00_0083,wafer,0,random defect,64,64,True,-1
wafer_00_0084,wafer,0,random defect,64,64,True,-1
wafer_00_0085,wafer,0,random defect,64,64,True,-1
wafer_00_0086,wafer,0,random defect,64,64,True,-1
wafer_00_0087,wafer,0,random defect,64,64,True,-1
wafer_00_0088,wafer,0,random defect,64,64,True,-1
wafer_00_0089,wafer,0,random defect,64,64,True,-1
wafer_00_0090,wafer,0,random defect,64,64,True,-1
wafer_00_0091,wafer,0,random defect,64,64,True,-1
wafer_00_0092,wafer,0,random defect,64,64,True,-1
wafer_00_0093,wafer,0,random defect,64,64,True,-1
wafer_00_0094,wafer,0,random defect,64,64,True,-1
wafer_00_0095,wafer,0,random defect,64,64,True,-1
wafer_00_0096,wafer,0,random defect,64,64,True,-1
wafer_00_0097,wafer,0,random defect,64,64,True,-1
wafer_00_0098,wafer,0,random defect,64,64,True,-1
wafer_00_0099,wafer,0,random defect,64,64,True,-1
wafer_01_0000,wafer,1,center defect,64,64,True,-1
wafer_01_0001,wafer,1,center defect,64,64,True,-1
wafer_01_0002,wafer,1,center defect,64,64,True,-1
wafer_01_0003,wafer,1,center defect,64,64,True,-1
wafer_01_0004,wafer,1,center defect,64,64,True,-1
wafer_01_0005,wafer,1,center defect,64,64,True,-1
wafer_01_0006,wafer,1,center defect,64,64,True,-1
wafer_01_0007,wafer,1,center defect,64,64,True,-1
wafer_01_0008,wafer,1,center defect,64,64,True,-1
wafer_01_0009,wafer,1,center defect,64,64,True,-1
wafer_01_0010,wafer,1,center defect,64,64,True,-1
wafer_01_0011,wafer,1,center defect,64,64,True,-1
wafer_01_0012,wafer,1,center defect,64,64,True,-1
wafer_01_0013,wafer,1,center defect,64,64,True,-1
wafer_01_0014,wafer,1,center defect,64,64,True,-1
wafer_01_0015,wafer,1,center defect,64,64,True,-1
wafer_01_0016,wafer,1,center defect,64,64,True,-1
wafer_01_0017,wafer,1,center defect,64,64,True,-1
wafer_01_0018,wafer,1,center defect,64,64,True,-1
wafer_01_0019,wafer,1,center defect,64,64,True,-1
wafer_01_0020,wafer,1,center defect,64,64,True,-1
wafer_01_0021,wafer,1,center defect,64,64,True,-1
wafer_01_0022,wafer,1,center defect,64,64,True,-1
wafer_01_0023,wafer,1,center defect,64,64,True,-1
wafer_01_0024,wafer,1,center defect,64,64,True,-1
wafer_01_0025,wafer,1,center defect,64,64,True,-1
wafer_01_0026,wafer,1,center defect,64,64,True,-1
wafer_01_0027,wafer,1,center defect,64,64,True,-1
wafer_01_0028,wafer,1,center defect,64,64,True,-1
wafer_01_0029,wafer,1,center defect,64,64,True,-1
wafer_01_0030,wafer,1,center defect,64,64,True,-1
wafer_01_0031,wafer,1,center defect,64,64,True,-1
wafer_01_0032,wafer,1,center defect,64,64,True,-1
wafer_01_0033,wafer,1,center defect,64,64,True,-1
wafer_01_0034,wafer,1,center defect,64,64,True,-1
wafer_01_0035,wafer,1,center defect,64,64,True,-1
wafer_01_0036,wafer,1,center defect,64,64,True,-1
wafer_01_0037,wafer,1,center defect,64,64,True,-1
wafer_01_0038,wafer,1,center defect,64,64,True,-1
wafer_01_0039,wafer,1,center defect,64,64,True,-1
wafer_01_0040,wafer,1,center defect,64,64,True,-1
wafer_01_0041,wafer,1,center defect,64,64,True,-1
wafer_01_0042,wafer,1,center defect,64,64,True,-1
wafer_01_0043,wafer,1,center defect,64,64,True,-1
wafer_01_0044,wafer,1,center defect,64,64,True,-1
wafer_01_0045,wafer,1,center defect,64,64,True,-1
wafer_01_0046,wafer,1,center defect,64,64,True,-1
wafer_01_0047,wafer,1,center defect,64,64,True,-1
wafer_01_0048,wafer,1,center defect,64,64,True,-1
wafer_01_0049,wafer,1,center defect,64,64,True,-1
wafer_01_0050,wafer,1,center defect,64,64,True,-1
wafer_01_0051,wafer,1,center defect,64,64,True,-1
wafer_01_0052,wafer,1,center defect,64,64,True,-1
wafer_01_0053,wafer,1,center defect,64,64,True,-1
wafer_01_0054,wafer,1,center defect,64,64,True,-1
wafer_01_0055,wafer,1,center defect,64,64,True,-1
wafer_01_0056,wafer,1,center defect,64,64,True,-1
wafer_01_0057,wafer,1,center defect,64,64,True,-1
wafer_01_0058,wafer,1,center defect,64,64,True,-1
wafer_01_0059,wafer,1,center defect,64,64,True,-1
wafer_01_0060,wafer,1,center defect,64,64,True,-1
wafer_01_0061,wafer,1,center defect,64,64,True,-1
wafer_01_0062,wafer,1,center defect,64,64,True,-1
wafer_01_0063,wafer,1,center defect,64,64,True,-1
wafer_01_0064,wafer,1,center defect,64,64,True,-1
wafer_01_0065,wafer,1,center defect,64,64,True,-1
wafer_01_0066,wafer,1,center defect,64,64,True,-1
wafer_01_0067,wafer,1,center defect,64,64,True,-1
wafer_01_0068,wafer,1,center defect,64,64,True,-1
wafer_01_0069,wafer,1,center defect,64,64,True,-1
wafer_01_0070,wafer,1,center defect,64,64,True,-1
wafer_01_0071,wafer,1,center defect,64,64,True,-1
wafer_01_0072,wafer,1,center defect,64,64,True,-1
wafer_01_0073,wafer,1,center defect,64,64,True,-1
wafer_01_0074,wafer,1,center defect,64,64,True,-1
wafer_01_0075,wafer,1,center defect,64,64,True,-1
wafer_01_0076,wafer,1,center defect,64,64,True,-1
wafer_01_0077,wafer,1,center defect,64,64,True,-1
wafer_01_0078,wafer,1,center defect,64,64,True,-1
wafer_01_0079,wafer,1,center defect,64,64,True,-1
wafer_01_0080,wafer,1,center defect,64,64,True,-1
wafer_01_0081,wafer,1,center defect,64,64,True,-1
wafer_01_0082,wafer,1,center defect,64,64,True,-1
wafer_01_0083,wafer,1,center defect,64,64,True,-1
wafer_01_0084,wafer,1,center defect,64,64,True,-1
wafer_01_0085,wafer,1,center defect,64,64,True,-1
wafer_01_0086,wafer,1,center defect,64,64,True,-1
wafer_01_0087,wafer,1,center defect,64,64,True,-1
wafer_01_0088,wafer,1,center defect,64,64,True,-1
wafer_01_0089,wafer,1,center defect,64,64,True,-1
wafer_01_0090,wafer,1,center defect,64,64,True,-1
wafer_01_0091,wafer,1,center defect,64,64,True,-1
wafer_01_0092,wafer,1,center defect,64,64,True,-1
wafer_01_0093,wafer,1,center defect,64,64,True,-1
wafer_01_0094,wafer,1,center defect,64,64,True,-1
wafer_01_0095,wafer,1,center defect,64,64,True,-1
wafer_01_0096,wafer,1,center defect,64,64,True,-1
wafer_01_0097,wafer,1,center defect,64,64,True,-1
wafer_01_0098,wafer,1,center defect,64,64,True,-1
wafer_01_0099,wafer,1,center defect,64,64,True,-1
wafer_02_0000,wafer,2,edge defect,64,64,True,-1
wafer_02_0001,wafer,2,edge defect,64,64,True,-1
wafer_02_0002,wafer,2,edge defect,64,64,True,-1
wafer_02_0003,wafer,2,edge defect,64,64,True,-1
wafer_02_0004,wafer,2,edge defect,64,64,True,-1
wafer_02_0005,wafer,2,edge defect,64,64,True,-1
wafer_02_0006,wafer,2,edge defect,64,64,True,-1
wafer_02_0007,wafer,2,edge defect,64,64,True,-1
wafer_02_0008,wafer,2,edge defect,64,64,True,-1
wafer_02_0009,wafer,2,edge defect,64,64,True,-1
wafer_02_0010,wafer,2,edge defect,64,64,True,-1
wafer_02_0011,wafer,2,edge defect,64,64,True,-1
wafer_02_0012,wafer,2,edge defect,64,64,True,-1
wafer_02_0013,wafer,2,edge defect,64,64,True,-1
wafer_02_0014,wafer,2,edge defect,64,64,True,-1
wafer_02_0015,wafer,2,edge defect,64,64,True,-1
wafer_02_0016,wafer,2,edge defect,64,64,True,-1
wafer_02_0017,wafer,2,edge defect,64,64,True,-1
wafer_02_0018,wafer,2,edge defect,64,64,True,-1
wafer_02_0019,wafer,2,edge defect,64,64,True,-1
wafer_02_0020,wafer,2,edge defect,64,64,True,-1
wafer_02_0021,wafer,2,edge defect,64,64,True,-1
wafer_02_0022,wafer,2,edge defect,64,64,True,-1
wafer_02_0023,wafer,2,edge defect,64,64,True,-1
wafer_02_0024,wafer,2,edge defect,64,64,True,-1
wafer_02_0025,wafer,2,edge defect,64,64,True,-1
wafer_02_0026,wafer,2,edge defect,64,64,True,-1
wafer_02_0027,wafer,2,edge defect,64,64,True,-1
wafer_02_0028,wafer,2,edge defect,64,64,True,-1
wafer_02_0029,wafer,2,edge defect,64,64,True,-1
wafer_02_0030,wafer,2,edge defect,64,64,True,-1
wafer_02_0031,wafer,2,edge defect,64,64,True,-1
wafer_02_0032,wafer,2,edge defect,64,64,True,-1
wafer_02_0033,wafer,2,edge defect,64,64,True,-1
wafer_02_0034,wafer,2,edge defect,64,64,True,-1
wafer_02_0035,wafer,2,edge defect,64,64,True,-1
wafer_02_0036,wafer,2,edge defect,64,64,True,-1
wafer_02_0037,wafer,2,edge defect,64,64,True,-1
wafer_02_0038,wafer,2,edge defect,64,64,True,-1
wafer_02_0039,wafer,2,edge defect,64,64,True,-1
wafer_02_0040,wafer,2,edge defect,64,64,True,-1
wafer_02_0041,wafer,2,edge defect,64,64,True,-1
wafer_02_0042,wafer,2,edge defect,64,64,True,-1
wafer_02_0043,wafer,2,edge defect,64,64,True,-1
wafer_02_0044,wafer,2,edge defect,64,64,True,-1
wafer_02_0045,wafer,2,edge defect,64,64,True,-1
wafer_02_0046,wafer,2,edge defect,64,64,True,-1
wafer_02_0047,wafer,2,edge defect,64,64,True,-1
wafer_02_0048,wafer,2,edge defect,64,64,True,-1
wafer_02_0049,wafer,2,edge defect,64,64,True,-1
wafer_02_0050,wafer,2,edge defect,64,64,True,-1
wafer_02_0051,wafer,2,edge defect,64,64,True,-1
wafer_02_0052,wafer,2,edge defect,64,64,True,-1
wafer_02_0053,wafer,2,edge defect,64,64,True,-1
wafer_02_0054,wafer,2,edge defect,64,64,True,-1
wafer_02_0055,wafer,2,edge defect,64,64,True,-1
wafer_02_0056,wafer,2,edge defect,64,64,True,-1
wafer_02_0057,wafer,2,edge defect,64,64,True,-1
wafer_02_0058,wafer,2,edge defect,64,64,True,-1
wafer_02_0059,wafer,2,edge defect,64,64,True,-1
wafer_02_0060,wafer,2,edge defect,64,64,True,-1
wafer_02_0061,wafer,2,edge defect,64,64,True,-1
wafer_02_0062,wafer,2,edge defect,64,64,True,-1
wafer_02_0063,wafer,2,edge defect,64,64,True,-1
wafer_02_0064,wafer,2,edge defect,64,64,True,-1
wafer_02_0065,wafer,2,edge defect,64,64,True,-1
wafer_02_0066,wafer,2,edge defect,64,64,True,-1
wafer_02_0067,wafer,2,edge defect,64,64,True,-1
wafer_02_0068,wafer,2,edge defect,64,64,True,-1
wafer_02_0069,wafer,2,edge defect,64,64,True,-1
wafer_02_0070,wafer,2,edge defect,64,64,True,-1
wafer_02_0071,wafer,2,edge defect,64,64,True,-1
wafer_02_0072,wafer,2,edge defect,64,64,True,-1
wafer_02_0073,wafer,2,edge defect,64,64,True,-1
wafer_02_0074,wafer,2,edge defect,64,64,True,-1
wafer_02_0075,wafer,2,edge defect,64,64,True,-1
wafer_02_0076,wafer,2,edge defect,64,64,True,-1
wafer_02_0077,wafer,2,edge defect,64,64,True,-1
wafer_02_0078,wafer,2,edge defect,64,64,True,-1
wafer_02_0079,wafer,2,edge defect,64,64,True,-1
wafer_02_0080,wafer,2,edge defect,64,64,True,-1
wafer_02_0081,wafer,2,edge defect,64,64,True,-1
wafer_02_0082,wafer,2,edge defect,64,64,True,-1
wafer_02_0083,wafer,2,edge defect,64,64,True,-1
wafer_02_0084,wafer,2,edge defect,64,64,True,-1
wafer_02_0085,wafer,2,edge defect,64,64,True,-1
wafer_02_0086,wafer,2,edge defect,64,64,True,-1
wafer_02_0087,wafer,2,edge defect,64,64,True,-1
wafer_02_0088,wafer,2,edge defect,64,64,True,-1
wafer_02_0089,wafer,2,edge defect,64,64,True,-1
wafer_02_0090,wafer,2,edge defect,64,64,True,-1
wafer_02_0091,wafer,2,edge defect,64,64,True,-1
wafer_02_0092,wafer,2,edge defect,64,64,True,-1
wafer_02_0093,wafer,2,edge defect,64,64,True,-1
wafer_02_0094,wafer,2,edge defect,64,64,True,-1
wafer_02_0095,wafer,2,edge defect,64,64,True,-1
wafer_02_0096,wafer,2,edge defect,64,64,True,-1
wafer_02_0097,wafer,2,edge defect,64,64,True,-1
wafer_02_0098,wafer,2,edge defect,64,64,True,-1
wafer_02_0099,wafer,2,edge defect,64,64,True,-1
wafer_03_0000,wafer,3,ring defect,64,64,True,-1
wafer_03_0001,wafer,3,ring defect,64,64,True,-1
wafer_03_0002,wafer,3,ring defect,64,64,True,-1
wafer_03_0003,wafer,3,ring defect,64,64,True,-1
wafer_03_0004,wafer,3,ring defect,64,64,True,-1
wafer_03_0005,wafer,3,ring defect,64,64,True,-1
wafer_03_0006,wafer,3,ring defect,64,64,True,-1
wafer_03_0007,wafer,3,ring defect,64,64,True,-1
wafer_03_0008,wafer,3,ring defect,64,64,True,-1
wafer_03_0009,wafer,3,ring defect,64,64,True,-1
wafer_03_0010,wafer,3,ring defect,64,64,True,-1
wafer_03_0011,wafer,3,ring defect,64,64,True,-1
wafer_03_0012,wafer,3,ring defect,64,64,True,-1
wafer_03_0013,wafer,3,ring defect,64,64,True,-1
wafer_03_0014,wafer,3,ring defect,64,64,True,-1
wafer_03_0015,wafer,3,ring defect,64,64,True,-1
wafer_03_0016,wafer,3,ring defect,64,64,True,-1
wafer_03_0017,wafer,3,ring defect,64,64,True,-1
wafer_03_0018,wafer,3,ring defect,64,64,True,-1
wafer_03_0019,wafer,3,ring defect,64,64,True,-1
wafer_03_0020,wafer,3,ring defect,64,64,True,-1
wafer_03_0021,wafer,3,ring defect,64,64,True,-1
wafer_03_0022,wafer,3,ring defect,64,64,True,-1
wafer_03_0023,wafer,3,ring defect,64,64,True,-1
wafer_03_0024,wafer,3,ring defect,64,64,True,-1
wafer_03_0025,wafer,3,ring defect,64,64,True,-1
wafer_03_0026,wafer,3,ring defect,64,64,True,-1
wafer_03_0027,wafer,3,ring defect,64,64,True,-1
wafer_03_0028,wafer,3,ring defect,64,64,True,-1
wafer_03_0029,wafer,3,ring defect,64,64,True,-1
wafer_03_0030,wafer,3,ring defect,64,64,True,-1
wafer_03_0031,wafer,3,ring defect,64,64,True,-1
wafer_03_0032,wafer,3,ring defect,64,64,True,-1
wafer_03_0033,wafer,3,ring defect,64,64,True,-1
wafer_03_0034,wafer,3,ring defect,64,64,True,-1
wafer_03_0035,wafer,3,ring defect,64,64,True,-1
wafer_03_0036,wafer,3,ring defect,64,64,True,-1
wafer_03_0037,wafer,3,ring defect,64,64,True,-1
wafer_03_0038,wafer,3,ring defect,64,64,True,-1
wafer_03_0039,wafer,3,ring defect,64,64,True,-1
wafer_03_0040,wafer,3,ring defect,64,64,True,-1
wafer_03_0041,wafer,3,ring defect,64,64,True,-1
wafer_03_0042,wafer,3,ring defect,64,64,True,-1
wafer_03_0043,wafer,3,ring defect,64,64,True,-1
wafer_03_0044,wafer,3,ring defect,64,64,True,-1
wafer_03_0045,wafer,3,ring defect,64,64,True,-1
wafer_03_0046,wafer,3,ring defect,64,64,True,-1
wafer_03_0047,wafer,3,ring defect,64,64,True,-1
wafer_03_0048,wafer,3,ring defect,64,64,True,-1
wafer_03_0049,wafer,3,ring defect,64,64,True,-1
wafer_03_0050,wafer,3,ring defect,64,64,True,-1
wafer_03_0051,wafer,3,ring defect,64,64,True,-1
wafer_03_0052,wafer,3,ring defect,64,64,True,-1
wafer_03_0053,wafer,3,ring defect,64,64,True,-1
wafer_03_0054,wafer,3,ring defect,64,64,True,-1
wafer_03_0055,wafer,3,ring defect,64,64,True,-1
wafer_03_0056,wafer,3,ring defect,64,64,True,-1
wafer_03_0057,wafer,3,ring defect,64,64,True,-1
wafer_03_0058,wafer,3,ring defect,64,64,True,-1
wafer_03_0059,wafer,3,ring defect,64,64,True,-1
wafer_03_0060,wafer,3,ring defect,64,64,True,-1
wafer_03_0061,wafer,3,ring defect,64,64,True,-1
wafer_03_0062,wafer,3,ring defect,64,64,True,-1
wafer_03_0063,wafer,3,ring defect,64,64,True,-1
wafer_03_0064,wafer,3,ring defect,64,64,True,-1
wafer_03_0065,wafer,3,ring defect,64,64,True,-1
wafer_03_0066,wafer,3,ring defect,64,64,True,-1
wafer_03_0067,wafer,3,ring defect,64,64,True,-1
wafer_03_0068,wafer,3,ring defect,64,64,True,-1
wafer_03_0069,wafer,3,ring defect,64,64,True,-1
wafer_03_0070,wafer,3,ring defect,64,64,True,-1
wafer_03_0071,wafer,3,ring defect,64,64,True,-1
wafer_03_0072,wafer,3,ring defect,64,64,True,-1
wafer_03_0073,wafer,3,ring defect,64,64,True,-1
wafer_03_0074,wafer,3,ring defect,64,64,True,-1
wafer_03_0075,wafer,3,ring defect,64,64,True,-1
wafer_03_0076,wafer,3,ring defect,64,64,True,-1
wafer_03_0077,wafer,3,ring defect,64,64,True,-1
wafer_03_0078,wafer,3,ring defect,64,64,True,-1
wafer_03_0079,wafer,3,ring defect,64,64,True,-1
wafer_03_0080,wafer,3,ring defect,64,64,True,-1
wafer_03_0081,wafer,3,ring defect,64,64,True,-1
wafer_03_0082,wafer,3,ring defect,64,64,True,-1
wafer_03_0083,wafer,3,ring defect,64,64,True,-1
wafer_03_0084,wafer,3,ring defect,64,64,True,-1
wafer_03_0085,wafer,3,ring defect,64,64,True,-1
wafer_03_0086,wafer,3,ring defect,64,64,True,-1
wafer_03_0087,wafer,3,ring defect,64,64,True,-1
wafer_03_0088,wafer,3,ring defect,64,64,True,-1
wafer_03_0089,wafer,3,ring defect,64,64,True,-1
wafer_03_0090,wafer,3,ring defect,64,64,True,-1
wafer_03_0091,wafer,3,ring defect,64,64,True,-1
wafer_03_0092,wafer,3,ring defect,64,64,True,-1
wafer_03_0093,wafer,3,ring defect,64,64,True,-1
wafer_03_0094,wafer,3,ring defect,64,64,True,-1
wafer_03_0095,wafer,3,ring defect,64,64,True,-1
wafer_03_0096,wafer,3,ring defect,64,64,True,-1
wafer_03_0097,wafer,3,ring defect,64,64,True,-1
wafer_03_0098,wafer,3,ring defect,64,64,True,-1
wafer_03_0099,wafer,3,ring defect,64,64,True,-1
wafer_04_0000,wafer,4,scratch defect,64,64,True,-1
wafer_04_0001,wafer,4,scratch defect,64,64,True,-1
wafer_04_0002,wafer,4,scratch defect,64,64,True,-1
wafer_04_0003,wafer,4,scratch defect,64,64,True,-1
wafer_04_0004,wafer,4,scratch defect,64,64,True,-1
wafer_04_0005,wafer,4,scratch defect,64,64,True,-1
wafer_04_0006,wafer,4,scratch defect,64,64,True,-1
wafer_04_0007,wafer,4,scratch defect,64,64,True,-1
wafer_04_0008,wafer,4,scratch defect,64,64,True,-1
wafer_04_0009,wafer,4,scratch defect,64,64,True,-1
wafer_04_0010,wafer,4,scratch defect,64,64,True,-1
wafer_04_0011,wafer,4,scratch defect,64,64,True,-1
wafer_04_0012,wafer,4,scratch defect,64,64,True,-1
wafer_04_0013,wafer,4,scratch defect,64,64,True,-1
wafer_04_0014,wafer,4,scratch defect,64,64,True,-1
wafer_04_0015,wafer,4,scratch defect,64,64,True,-1
wafer_04_0016,wafer,4,scratch defect,64,64,True,-1
wafer_04_0017,wafer,4,scratch defect,64,64,True,-1
wafer_04_0018,wafer,4,scratch defect,64,64,True,-1
wafer_04_0019,wafer,4,scratch defect,64,64,True,-1
wafer_04_0020,wafer,4,scratch defect,64,64,True,-1
wafer_04_0021,wafer,4,scratch defect,64,64,True,-1
wafer_04_0022,wafer,4,scratch defect,64,64,True,-1
wafer_04_0023,wafer,4,scratch defect,64,64,True,-1
wafer_04_0024,wafer,4,scratch defect,64,64,True,-1
wafer_04_0025,wafer,4,scratch defect,64,64,True,-1
wafer_04_0026,wafer,4,scratch defect,64,64,True,-1
wafer_04_0027,wafer,4,scratch defect,64,64,True,-1
wafer_04_0028,wafer,4,scratch defect,64,64,True,-1
wafer_04_0029,wafer,4,scratch defect,64,64,True,-1
wafer_04_0030,wafer,4,scratch defect,64,64,True,-1
wafer_04_0031,wafer,4,scratch defect,64,64,True,-1
wafer_04_0032,wafer,4,scratch defect,64,64,True,-1
wafer_04_0033,wafer,4,scratch defect,64,64,True,-1
wafer_04_0034,wafer,4,scratch defect,64,64,True,-1
wafer_04_0035,wafer,4,scratch defect,64,64,True,-1
wafer_04_0036,wafer,4,scratch defect,64,64,True,-1
wafer_04_0037,wafer,4,scratch defect,64,64,True,-1
wafer_04_0038,wafer,4,scratch defect,64,64,True,-1
wafer_04_0039,wafer,4,scratch defect,64,64,True,-1
wafer_04_0040,wafer,4,scratch defect,64,64,True,-1
wafer_04_0041,wafer,4,scratch defect,64,64,True,-1
wafer_04_0042,wafer,4,scratch defect,64,64,True,-1
wafer_04_0043,wafer,4,scratch defect,64,64,True,-1
wafer_04_0044,wafer,4,scratch defect,64,64,True,-1
wafer_04_0045,wafer,4,scratch defect,64,64,True,-1
wafer_04_0046,wafer,4,scratch defect,64,64,True,-1
wafer_04_0047,wafer,4,scratch defect,64,64,True,-1
wafer_04_0048,wafer,4,scratch defect,64,64,True,-1
wafer_04_0049,wafer,4,scratch defect,64,64,True,-1
wafer_04_0050,wafer,4,scratch defect,64,64,True,-1
wafer_04_0051,wafer,4,scratch defect,64,64,True,-1
wafer_04_0052,wafer,4,scratch defect,64,64,True,-1
wafer_04_0053,wafer,4,scratch defect,64,64,True,-1
wafer_04_0054,wafer,4,scratch defect,64,64,True,-1
wafer_04_0055,wafer,4,scratch defect,64,64,True,-1
wafer_04_0056,wafer,4,scratch defect,64,64,True,-1
wafer_04_0057,wafer,4,scratch defect,64,64,True,-1
wafer_04_0058,wafer,4,scratch defect,64,64,True,-1
wafer_04_0059,wafer,4,scratch defect,64,64,True,-1
wafer_04_0060,wafer,4,scratch defect,64,64,True,-1
wafer_04_0061,wafer,4,scratch defect,64,64,True,-1
wafer_04_0062,wafer,4,scratch defect,64,64,True,-1
wafer_04_0063,wafer,4,scratch defect,64,64,True,-1
wafer_04_0064,wafer,4,scratch defect,64,64,True,-1
wafer_04_0065,wafer,4,scratch defect,64,64,True,-1
wafer_04_0066,wafer,4,scratch defect,64,64,True,-1
wafer_04_0067,wafer,4,scratch defect,64,64,True,-1
wafer_04_0068,wafer,4,scratch defect,64,64,True,-1
wafer_04_0069,wafer,4,scratch defect,64,64,True,-1
wafer_04_0070,wafer,4,scratch defect,64,64,True,-1
wafer_04_0071,wafer,4,scratch defect,64,64,True,-1
wafer_04_0072,wafer,4,scratch defect,64,64,True,-1
wafer_04_0073,wafer,4,scratch defect,64,64,True,-1
wafer_04_0074,wafer,4,scratch defect,64,64,True,-1
wafer_04_0075,wafer,4,scratch defect,64,64,True,-1
wafer_04_0076,wafer,4,scratch defect,64,64,True,-1
wafer_04_0077,wafer,4,scratch defect,64,64,True,-1
wafer_04_0078,wafer,4,scratch defect,64,64,True,-1
wafer_04_0079,wafer,4,scratch defect,64,64,True,-1
wafer_04_0080,wafer,4,scratch defect,64,64,True,-1
wafer_04_0081,wafer,4,scratch defect,64,64,True,-1
wafer_04_0082,wafer,4,scratch defect,64,64,True,-1
wafer_04_0083,wafer,4,scratch defect,64,64,True,-1
wafer_04_0084,wafer,4,scratch defect,64,64,True,-1
wafer_04_0085,wafer,4,scratch defect,64,64,True,-1
wafer_04_0086,wafer,4,scratch defect,64,64,True,-1
wafer_04_0087,wafer,4,scratch defect,64,64,True,-1
wafer_04_0088,wafer,4,scratch defect,64,64,True,-1
wafer_04_0089,wafer,4,scratch defect,64,64,True,-1
wafer_04_0090,wafer,4,scratch defect,64,64,True,-1
wafer_04_0091,wafer,4,scratch defect,64,64,True,-1
wafer_04_0092,wafer,4,scratch defect,64,64,True,-1
wafer_04_0093,wafer,4,scratch defect,64,64,True,-1
wafer_04_0094,wafer,4,scratch defect,64,64,True,-1
wafer_04_0095,wafer,4,scratch defect,64,64,True,-1
wafer_04_0096,wafer,4,scratch defect,64,64,True,-1
wafer_04_0097,wafer,4,scratch defect,64,64,True,-1
wafer_04_0098,wafer,4,scratch defect,64,64,True,-1
wafer_04_0099,wafer,4,scratch defect,64,64,True,-1
wafer_05_0000,wafer,5,cluster defect,64,64,True,-1
wafer_05_0001,wafer,5,cluster defect,64,64,True,-1
wafer_05_0002,wafer,5,cluster defect,64,64,True,-1
wafer_05_0003,wafer,5,cluster defect,64,64,True,-1
wafer_05_0004,wafer,5,cluster defect,64,64,True,-1
wafer_05_0005,wafer,5,cluster defect,64,64,True,-1
wafer_05_0006,wafer,5,cluster defect,64,64,True,-1
wafer_05_0007,wafer,5,cluster defect,64,64,True,-1
wafer_05_0008,wafer,5,cluster defect,64,64,True,-1
wafer_05_0009,wafer,5,cluster defect,64,64,True,-1
wafer_05_0010,wafer,5,cluster defect,64,64,True,-1
wafer_05_0011,wafer,5,cluster defect,64,64,True,-1
wafer_05_0012,wafer,5,cluster defect,64,64,True,-1
wafer_05_0013,wafer,5,cluster defect,64,64,True,-1
wafer_05_0014,wafer,5,cluster defect,64,64,True,-1
wafer_05_0015,wafer,5,cluster defect,64,64,True,-1
wafer_05_0016,wafer,5,cluster defect,64,64,True,-1
wafer_05_0017,wafer,5,cluster defect,64,64,True,-1
wafer_05_0018,wafer,5,cluster defect,64,64,True,-1
wafer_05_0019,wafer,5,cluster defect,64,64,True,-1
wafer_05_0020,wafer,5,cluster defect,64,64,True,-1
wafer_05_0021,wafer,5,cluster defect,64,64,True,-1
wafer_05_0022,wafer,5,cluster defect,64,64,True,-1
wafer_05_0023,wafer,5,cluster defect,64,64,True,-1
wafer_05_0024,wafer,5,cluster defect,64,64,True,-1
wafer_05_0025,wafer,5,cluster defect,64,64,True,-1
wafer_05_0026,wafer,5,cluster defect,64,64,True,-1
wafer_05_0027,wafer,5,cluster defect,64,64,True,-1
wafer_05_0028,wafer,5,cluster defect,64,64,True,-1
wafer_05_0029,wafer,5,cluster defect,64,64,True,-1
wafer_05_0030,wafer,5,cluster defect,64,64,True,-1
wafer_05_0031,wafer,5,cluster defect,64,64,True,-1
wafer_05_0032,wafer,5,cluster defect,64,64,True,-1
wafer_05_0033,wafer,5,cluster defect,64,64,True,-1
wafer_05_0034,wafer,5,cluster defect,64,64,True,-1
wafer_05_0035,wafer,5,cluster defect,64,64,True,-1
wafer_05_0036,wafer,5,cluster defect,64,64,True,-1
wafer_05_0037,wafer,5,cluster defect,64,64,True,-1
wafer_05_0038,wafer,5,cluster defect,64,64,True,-1
wafer_05_0039,wafer,5,cluster defect,64,64,True,-1
wafer_05_0040,wafer,5,cluster defect,64,64,True,-1
wafer_05_0041,wafer,5,cluster defect,64,64,True,-1
wafer_05_0042,wafer,5,cluster defect,64,64,True,-1
wafer_05_0043,wafer,5,cluster defect,64,64,True,-1
wafer_05_0044,wafer,5,cluster defect,64,64,True,-1
wafer_05_0045,wafer,5,cluster defect,64,64,True,-1
wafer_05_0046,wafer,5,cluster defect,64,64,True,-1
wafer_05_0047,wafer,5,cluster defect,64,64,True,-1
wafer_05_0048,wafer,5,cluster defect,64,64,True,-1
wafer_05_0049,wafer,5,cluster defect,64,64,True,-1
wafer_05_0050,wafer,5,cluster defect,64,64,True,-1
wafer_05_0051,wafer,5,cluster defect,64,64,True,-1
wafer_05_0052,wafer,5,cluster defect,64,64,True,-1
wafer_05_0053,wafer,5,cluster defect,64,64,True,-1
wafer_05_0054,wafer,5,cluster defect,64,64,True,-1
wafer_05_0055,wafer,5,cluster defect,64,64,True,-1
wafer_05_0056,wafer,5,cluster defect,64,64,True,-1
wafer_05_0057,wafer,5,cluster defect,64,64,True,-1
wafer_05_0058,wafer,5,cluster defect,64,64,True,-1
wafer_05_0059,wafer,5,cluster defect,64,64,True,-1
wafer_05_0060,wafer,5,cluster defect,64,64,True,-1
wafer_05_0061,wafer,5,cluster defect,64,64,True,-1
wafer_05_0062,wafer,5,cluster defect,64,64,True,-1
wafer_05_0063,wafer,5,cluster defect,64,64,True,-1
wafer_05_0064,wafer,5,cluster defect,64,64,True,-1
wafer_05_0065,wafer,5,cluster defect,64,64,True,-1
wafer_05_0066,wafer,5,cluster defect,64,64,True,-1
wafer_05_0067,wafer,5,cluster defect,64,64,True,-1
wafer_05_0068,wafer,5,cluster defect,64,64,True,-1
wafer_05_0069,wafer,5,cluster defect,64,64,True,-1
wafer_05_0070,wafer,5,cluster defect,64,64,True,-1
wafer_05_0071,wafer,5,cluster defect,64,64,True,-1
wafer_05_0072,wafer,5,cluster defect,64,64,True,-1
wafer_05_0073,wafer,5,cluster defect,64,64,True,-1
wafer_05_0074,wafer,5,cluster defect,64,64,True,-1
wafer_05_0075,wafer,5,cluster defect,64,64,True,-1
wafer_05_0076,wafer,5,cluster defect,64,64,True,-1
wafer_05_0077,wafer,5,cluster defect,64,64,True,-1
wafer_05_0078,wafer,5,cluster defect,64,64,True,-1
wafer_05_0079,wafer,5,cluster defect,64,64,True,-1
wafer_05_0080,wafer,5,cluster defect,64,64,True,-1
wafer_05_0081,wafer,5,cluster defect,64,64,True,-1
wafer_05_0082,wafer,5,cluster defect,64,64,True,-1
wafer_05_0083,wafer,5,cluster defect,64,64,True,-1
wafer_05_0084,wafer,5,cluster defect,64,64,True,-1
wafer_05_0085,wafer,5,cluster defect,64,64,True,-1
wafer_05_0086,wafer,5,cluster defect,64,64,True,-1
wafer_05_0087,wafer,5,cluster defect,64,64,True,-1
wafer_05_0088,wafer,5,cluster defect,64,64,True,-1
wafer_05_0089,wafer,5,cluster defect,64,64,True,-1
wafer_05_0090,wafer,5,cluster defect,64,64,True,-1
wafer_05_0091,wafer,5,cluster defect,64,64,True,-1
wafer_05_0092,wafer,5,cluster defect,64,64,True,-1
wafer_05_0093,wafer,5,cluster defect,64,64,True,-1
wafer_05_0094,wafer,5,cluster defect,64,64,True,-1
wafer_05_0095,wafer,5,cluster defect,64,64,True,-1
wafer_05_0096,wafer,5,cluster defect,64,64,True,-1
wafer_05_0097,wafer,5,cluster defect,64,64,True,-1
wafer_05_0098,wafer,5,cluster defect,64,64,True,-1
wafer_05_0099,wafer,5,cluster defect,64,64,True,-1
wafer_06_0000,wafer,6,row failure,64,64,True,-1
wafer_06_0001,wafer,6,row failure,64,64,True,-1
wafer_06_0002,wafer,6,row failure,64,64,True,-1
wafer_06_0003,wafer,6,row failure,64,64,True,-1
wafer_06_0004,wafer,6,row failure,64,64,True,-1
wafer_06_0005,wafer,6,row failure,64,64,True,-1
wafer_06_0006,wafer,6,row failure,64,64,True,-1
wafer_06_0007,wafer,6,row failure,64,64,True,-1
wafer_06_0008,wafer,6,row failure,64,64,True,-1
wafer_06_0009,wafer,6,row failure,64,64,True,-1
wafer_06_0010,wafer,6,row failure,64,64,True,-1
wafer_06_0011,wafer,6,row failure,64,64,True,-1
wafer_06_0012,wafer,6,row failure,64,64,True,-1
wafer_06_0013,wafer,6,row failure,64,64,True,-1
wafer_06_0014,wafer,6,row failure,64,64,True,-1
wafer_06_0015,wafer,6,row failure,64,64,True,-1
wafer_06_0016,wafer,6,row failure,64,64,True,-1
wafer_06_0017,wafer,6,row failure,64,64,True,-1
wafer_06_0018,wafer,6,row failure,64,64,True,-1
wafer_06_0019,wafer,6,row failure,64,64,True,-1
wafer_06_0020,wafer,6,row failure,64,64,True,-1
wafer_06_0021,wafer,6,row failure,64,64,True,-1
wafer_06_0022,wafer,6,row failure,64,64,True,-1
wafer_06_0023,wafer,6,row failure,64,64,True,-1
wafer_06_0024,wafer,6,row failure,64,64,True,-1
wafer_06_0025,wafer,6,row failure,64,64,True,-1
wafer_06_0026,wafer,6,row failure,64,64,True,-1
wafer_06_0027,wafer,6,row failure,64,64,True,-1
wafer_06_0028,wafer,6,row failure,64,64,True,-1
wafer_06_0029,wafer,6,row failure,64,64,True,-1
wafer_06_0030,wafer,6,row failure,64,64,True,-1
wafer_06_0031,wafer,6,row failure,64,64,True,-1
wafer_06_0032,wafer,6,row failure,64,64,True,-1
wafer_06_0033,wafer,6,row failure,64,64,True,-1
wafer_06_0034,wafer,6,row failure,64,64,True,-1
wafer_06_0035,wafer,6,row failure,64,64,True,-1
wafer_06_0036,wafer,6,row failure,64,64,True,-1
wafer_06_0037,wafer,6,row failure,64,64,True,-1
wafer_06_0038,wafer,6,row failure,64,64,True,-1
wafer_06_0039,wafer,6,row failure,64,64,True,-1
wafer_06_0040,wafer,6,row failure,64,64,True,-1
wafer_06_0041,wafer,6,row failure,64,64,True,-1
wafer_06_0042,wafer,6,row failure,64,64,True,-1
wafer_06_0043,wafer,6,row failure,64,64,True,-1
wafer_06_0044,wafer,6,row failure,64,64,True,-1
wafer_06_0045,wafer,6,row failure,64,64,True,-1
wafer_06_0046,wafer,6,row failure,64,64,True,-1
wafer_06_0047,wafer,6,row failure,64,64,True,-1
wafer_06_0048,wafer,6,row failure,64,64,True,-1
wafer_06_0049,wafer,6,row failure,64,64,True,-1
wafer_06_0050,wafer,6,row failure,64,64,True,-1
wafer_06_0051,wafer,6,row failure,64,64,True,-1
wafer_06_0052,wafer,6,row failure,64,64,True,-1
wafer_06_0053,wafer,6,row failure,64,64,True,-1
wafer_06_0054,wafer,6,row failure,64,64,True,-1
wafer_06_0055,wafer,6,row failure,64,64,True,-1
wafer_06_0056,wafer,6,row failure,64,64,True,-1
wafer_06_0057,wafer,6,row failure,64,64,True,-1
wafer_06_0058,wafer,6,row failure,64,64,True,-1
wafer_06_0059,wafer,6,row failure,64,64,True,-1
wafer_06_0060,wafer,6,row failure,64,64,True,-1
wafer_06_0061,wafer,6,row failure,64,64,True,-1
wafer_06_0062,wafer,6,row failure,64,64,True,-1
wafer_06_0063,wafer,6,row failure,64,64,True,-1
wafer_06_0064,wafer,6,row failure,64,64,True,-1
wafer_06_0065,wafer,6,row failure,64,64,True,-1
wafer_06_0066,wafer,6,row failure,64,64,True,-1
wafer_06_0067,wafer,6,row failure,64,64,True,-1
wafer_06_0068,wafer,6,row failure,64,64,True,-1
wafer_06_0069,wafer,6,row failure,64,64,True,-1
wafer_06_0070,wafer,6,row failure,64,64,True,-1
wafer_06_0071,wafer,6,row failure,64,64,True,-1
wafer_06_0072,wafer,6,row failure,64,64,True,-1
wafer_06_0073,wafer,6,row failure,64,64,True,-1
wafer_06_0074,wafer,6,row failure,64,64,True,-1
wafer_06_0075,wafer,6,row failure,64,64,True,-1
wafer_06_0076,wafer,6,row failure,64,64,True,-1
wafer_06_0077,wafer,6,row failure,64,64,True,-1
wafer_06_0078,wafer,6,row failure,64,64,True,-1
wafer_06_0079,wafer,6,row failure,64,64,True,-1
wafer_06_0080,wafer,6,row failure,64,64,True,-1
wafer_06_0081,wafer,6,row failure,64,64,True,-1
wafer_06_0082,wafer,6,row failure,64,64,True,-1
wafer_06_0083,wafer,6,row failure,64,64,True,-1
wafer_06_0084,wafer,6,row failure,64,64,True,-1
wafer_06_0085,wafer,6,row failure,64,64,True,-1
wafer_06_0086,wafer,6,row failure,64,64,True,-1
wafer_06_0087,wafer,6,row failure,64,64,True,-1
wafer_06_0088,wafer,6,row failure,64,64,True,-1
wafer_06_0089,wafer,6,row failure,64,64,True,-1
wafer_06_0090,wafer,6,row failure,64,64,True,-1
wafer_06_0091,wafer,6,row failure,64,64,True,-1
wafer_06_0092,wafer,6,row failure,64,64,True,-1
wafer_06_0093,wafer,6,row failure,64,64,True,-1
wafer_06_0094,wafer,6,row failure,64,64,True,-1
wafer_06_0095,wafer,6,row failure,64,64,True,-1
wafer_06_0096,wafer,6,row failure,64,64,True,-1
wafer_06_0097,wafer,6,row failure,64,64,True,-1
wafer_06_0098,wafer,6,row failure,64,64,True,-1
wafer_06_0099,wafer,6,row failure,64,64,True,-1
wafer_07_0000,wafer,7,column failure,64,64,True,-1
wafer_07_0001,wafer,7,column failure,64,64,True,-1
wafer_07_0002,wafer,7,column failure,64,64,True,-1
wafer_07_0003,wafer,7,column failure,64,64,True,-1
wafer_07_0004,wafer,7,column failure,64,64,True,-1
wafer_07_0005,wafer,7,column failure,64,64,True,-1
wafer_07_0006,wafer,7,column failure,64,64,True,-1
wafer_07_0007,wafer,7,column failure,64,64,True,-1
wafer_07_0008,wafer,7,column failure,64,64,True,-1
wafer_07_0009,wafer,7,column failure,64,64,True,-1
wafer_07_0010,wafer,7,column failure,64,64,True,-1
wafer_07_0011,wafer,7,column failure,64,64,True,-1
wafer_07_0012,wafer,7,column failure,64,64,True,-1
wafer_07_0013,wafer,7,column failure,64,64,True,-1
wafer_07_0014,wafer,7,column failure,64,64,True,-1
wafer_07_0015,wafer,7,column failure,64,64,True,-1
wafer_07_0016,wafer,7,column failure,64,64,True,-1
wafer_07_0017,wafer,7,column failure,64,64,True,-1
wafer_07_0018,wafer,7,column failure,64,64,True,-1
wafer_07_0019,wafer,7,column failure,64,64,True,-1
wafer_07_0020,wafer,7,column failure,64,64,True,-1
wafer_07_0021,wafer,7,column failure,64,64,True,-1
wafer_07_0022,wafer,7,column failure,64,64,True,-1
wafer_07_0023,wafer,7,column failure,64,64,True,-1
wafer_07_0024,wafer,7,column failure,64,64,True,-1
wafer_07_0025,wafer,7,column failure,64,64,True,-1
wafer_07_0026,wafer,7,column failure,64,64,True,-1
wafer_07_0027,wafer,7,column failure,64,64,True,-1
wafer_07_0028,wafer,7,column failure,64,64,True,-1
wafer_07_0029,wafer,7,column failure,64,64,True,-1
wafer_07_0030,wafer,7,column failure,64,64,True,-1
wafer_07_0031,wafer,7,column failure,64,64,True,-1
wafer_07_0032,wafer,7,column failure,64,64,True,-1
wafer_07_0033,wafer,7,column failure,64,64,True,-1
wafer_07_0034,wafer,7,column failure,64,64,True,-1
wafer_07_0035,wafer,7,column failure,64,64,True,-1
wafer_07_0036,wafer,7,column failure,64,64,True,-1
wafer_07_0037,wafer,7,column failure,64,64,True,-1
wafer_07_0038,wafer,7,column failure,64,64,True,-1
wafer_07_0039,wafer,7,column failure,64,64,True,-1
wafer_07_0040,wafer,7,column failure,64,64,True,-1
wafer_07_0041,wafer,7,column failure,64,64,True,-1
wafer_07_0042,wafer,7,column failure,64,64,True,-1
wafer_07_0043,wafer,7,column failure,64,64,True,-1
wafer_07_0044,wafer,7,column failure,64,64,True,-1
wafer_07_0045,wafer,7,column failure,64,64,True,-1
wafer_07_0046,wafer,7,column failure,64,64,True,-1
wafer_07_0047,wafer,7,column failure,64,64,True,-1
wafer_07_0048,wafer,7,column failure,64,64,True,-1
wafer_07_0049,wafer,7,column failure,64,64,True,-1
wafer_07_0050,wafer,7,column failure,64,64,True,-1
wafer_07_0051,wafer,7,column failure,64,64,True,-1
wafer_07_0052,wafer,7,column failure,64,64,True,-1
wafer_07_0053,wafer,7,column failure,64,64,True,-1
wafer_07_0054,wafer,7,column failure,64,64,True,-1
wafer_07_0055,wafer,7,column failure,64,64,True,-1
wafer_07_0056,wafer,7,column failure,64,64,True,-1
wafer_07_0057,wafer,7,column failure,64,64,True,-1
wafer_07_0058,wafer,7,column failure,64,64,True,-1
wafer_07_0059,wafer,7,column failure,64,64,True,-1
wafer_07_0060,wafer,7,column failure,64,64,True,-1
wafer_07_0061,wafer,7,column failure,64,64,True,-1
wafer_07_0062,wafer,7,column failure,64,64,True,-1
wafer_07_0063,wafer,7,column failure,64,64,True,-1
wafer_07_0064,wafer,7,column failure,64,64,True,-1
wafer_07_0065,wafer,7,column failure,64,64,True,-1
wafer_07_0066,wafer,7,column failure,64,64,True,-1
wafer_07_0067,wafer,7,column failure,64,64,True,-1
wafer_07_0068,wafer,7,column failure,64,64,True,-1
wafer_07_0069,wafer,7,column failure,64,64,True,-1
wafer_07_0070,wafer,7,column failure,64,64,True,-1
wafer_07_0071,wafer,7,column failure,64,64,True,-1
wafer_07_0072,wafer,7,column failure,64,64,True,-1
wafer_07_0073,wafer,7,column failure,64,64,True,-1
wafer_07_0074,wafer,7,column failure,64,64,True,-1
wafer_07_0075,wafer,7,column failure,64,64,True,-1
wafer_07_0076,wafer,7,column failure,64,64,True,-1
wafer_07_0077,wafer,7,column failure,64,64,True,-1
wafer_07_0078,wafer,7,column failure,64,64,True,-1
wafer_07_0079,wafer,7,column failure,64,64,True,-1
wafer_07_0080,wafer,7,column failure,64,64,True,-1
wafer_07_0081,wafer,7,column failure,64,64,True,-1
wafer_07_0082,wafer,7,column failure,64,64,True,-1
wafer_07_0083,wafer,7,column failure,64,64,True,-1
wafer_07_0084,wafer,7,column failure,64,64,True,-1
wafer_07_0085,wafer,7,column failure,64,64,True,-1
wafer_07_0086,wafer,7,column failure,64,64,True,-1
wafer_07_0087,wafer,7,column failure,64,64,True,-1
wafer_07_0088,wafer,7,column failure,64,64,True,-1
wafer_07_0089,wafer,7,column failure,64,64,True,-1
wafer_07_0090,wafer,7,column failure,64,64,True,-1
wafer_07_0091,wafer,7,column failure,64,64,True,-1
wafer_07_0092,wafer,7,column failure,64,64,True,-1
wafer_07_0093,wafer,7,column failure,64,64,True,-1
wafer_07_0094,wafer,7,column failure,64,64,True,-1
wafer_07_0095,wafer,7,column failure,64,64,True,-1
wafer_07_0096,wafer,7,column failure,64,64,True,-1
wafer_07_0097,wafer,7,column failure,64,64,True,-1
wafer_07_0098,wafer,7,column failure,64,64,True,-1
wafer_07_0099,wafer,7,column failure,64,64,True,-1
wafer_08_0000,wafer,8,block failure,64,64,True,-1
wafer_08_0001,wafer,8,block failure,64,64,True,-1
wafer_08_0002,wafer,8,block failure,64,64,True,-1
wafer_08_0003,wafer,8,block failure,64,64,True,-1
wafer_08_0004,wafer,8,block failure,64,64,True,-1
wafer_08_0005,wafer,8,block failure,64,64,True,-1
wafer_08_0006,wafer,8,block failure,64,64,True,-1
wafer_08_0007,wafer,8,block failure,64,64,True,-1
wafer_08_0008,wafer,8,block failure,64,64,True,-1
wafer_08_0009,wafer,8,block failure,64,64,True,-1
wafer_08_0010,wafer,8,block failure,64,64,True,-1
wafer_08_0011,wafer,8,block failure,64,64,True,-1
wafer_08_0012,wafer,8,block failure,64,64,True,-1
wafer_08_0013,wafer,8,block failure,64,64,True,-1
wafer_08_0014,wafer,8,block failure,64,64,True,-1
wafer_08_0015,wafer,8,block failure,64,64,True,-1
wafer_08_0016,wafer,8,block failure,64,64,True,-1
wafer_08_0017,wafer,8,block failure,64,64,True,-1
wafer_08_0018,wafer,8,block failure,64,64,True,-1
wafer_08_0019,wafer,8,block failure,64,64,True,-1
wafer_08_0020,wafer,8,block failure,64,64,True,-1
wafer_08_0021,wafer,8,block failure,64,64,True,-1
wafer_08_0022,wafer,8,block failure,64,64,True,-1
wafer_08_0023,wafer,8,block failure,64,64,True,-1
wafer_08_0024,wafer,8,block failure,64,64,True,-1
wafer_08_0025,wafer,8,block failure,64,64,True,-1
wafer_08_0026,wafer,8,block failure,64,64,True,-1
wafer_08_0027,wafer,8,block failure,64,64,True,-1
wafer_08_0028,wafer,8,block failure,64,64,True,-1
wafer_08_0029,wafer,8,block failure,64,64,True,-1
wafer_08_0030,wafer,8,block failure,64,64,True,-1
wafer_08_0031,wafer,8,block failure,64,64,True,-1
wafer_08_0032,wafer,8,block failure,64,64,True,-1
wafer_08_0033,wafer,8,block failure,64,64,True,-1
wafer_08_0034,wafer,8,block failure,64,64,True,-1
wafer_08_0035,wafer,8,block failure,64,64,True,-1
wafer_08_0036,wafer,8,block failure,64,64,True,-1
wafer_08_0037,wafer,8,block failure,64,64,True,-1
wafer_08_0038,wafer,8,block failure,64,64,True,-1
wafer_08_0039,wafer,8,block failure,64,64,True,-1
wafer_08_0040,wafer,8,block failure,64,64,True,-1
wafer_08_0041,wafer,8,block failure,64,64,True,-1
wafer_08_0042,wafer,8,block failure,64,64,True,-1
wafer_08_0043,wafer,8,block failure,64,64,True,-1
wafer_08_0044,wafer,8,block failure,64,64,True,-1
wafer_08_0045,wafer,8,block failure,64,64,True,-1
wafer_08_0046,wafer,8,block failure,64,64,True,-1
wafer_08_0047,wafer,8,block failure,64,64,True,-1
wafer_08_0048,wafer,8,block failure,64,64,True,-1
wafer_08_0049,wafer,8,block failure,64,64,True,-1
wafer_08_0050,wafer,8,block failure,64,64,True,-1
wafer_08_0051,wafer,8,block failure,64,64,True,-1
wafer_08_0052,wafer,8,block failure,64,64,True,-1
wafer_08_0053,wafer,8,block failure,64,64,True,-1
wafer_08_0054,wafer,8,block failure,64,64,True,-1
wafer_08_0055,wafer,8,block failure,64,64,True,-1
wafer_08_0056,wafer,8,block failure,64,64,True,-1
wafer_08_0057,wafer,8,block failure,64,64,True,-1
wafer_08_0058,wafer,8,block failure,64,64,True,-1
wafer_08_0059,wafer,8,block failure,64,64,True,-1
wafer_08_0060,wafer,8,block failure,64,64,True,-1
wafer_08_0061,wafer,8,block failure,64,64,True,-1
wafer_08_0062,wafer,8,block failure,64,64,True,-1
wafer_08_0063,wafer,8,block failure,64,64,True,-1
wafer_08_0064,wafer,8,block failure,64,64,True,-1
wafer_08_0065,wafer,8,block failure,64,64,True,-1
wafer_08_0066,wafer,8,block failure,64,64,True,-1
wafer_08_0067,wafer,8,block failure,64,64,True,-1
wafer_08_0068,wafer,8,block failure,64,64,True,-1
wafer_08_0069,wafer,8,block failure,64,64,True,-1
wafer_08_0070,wafer,8,block failure,64,64,True,-1
wafer_08_0071,wafer,8,block failure,64,64,True,-1
wafer_08_0072,wafer,8,block failure,64,64,True,-1
wafer_08_0073,wafer,8,block failure,64,64,True,-1
wafer_08_0074,wafer,8,block failure,64,64,True,-1
wafer_08_0075,wafer,8,block failure,64,64,True,-1
wafer_08_0076,wafer,8,block failure,64,64,True,-1
wafer_08_0077,wafer,8,block failure,64,64,True,-1
wafer_08_0078,wafer,8,block failure,64,64,True,-1
wafer_08_0079,wafer,8,block failure,64,64,True,-1
wafer_08_0080,wafer,8,block failure,64,64,True,-1
wafer_08_0081,wafer,8,block failure,64,64,True,-1
wafer_08_0082,wafer,8,block failure,64,64,True,-1
wafer_08_0083,wafer,8,block failure,64,64,True,-1
wafer_08_0084,wafer,8,block failure,64,64,True,-1
wafer_08_0085,wafer,8,block failure,64,64,True,-1
wafer_08_0086,wafer,8,block failure,64,64,True,-1
wafer_08_0087,wafer,8,block failure,64,64,True,-1
wafer_08_0088,wafer,8,block failure,64,64,True,-1
wafer_08_0089,wafer,8,block failure,64,64,True,-1
wafer_08_0090,wafer,8,block failure,64,64,True,-1
wafer_08_0091,wafer,8,block failure,64,64,True,-1
wafer_08_0092,wafer,8,block failure,64,64,True,-1
wafer_08_0093,wafer,8,block failure,64,64,True,-1
wafer_08_0094,wafer,8,block failure,64,64,True,-1
wafer_08_0095,wafer,8,block failure,64,64,True,-1
wafer_08_0096,wafer,8,block failure,64,64,True,-1
wafer_08_0097,wafer,8,block failure,64,64,True,-1
wafer_08_0098,wafer,8,block failure,64,64,True,-1
wafer_08_0099,wafer,8,block failure,64,64,True,-1
